{
  "parent": "builtin/generated",
  "textures": {
    "layer0": "SilentGems:items/SwordDeco3"
  },
  "display": {
    "thirdperson": {
      "rotation": [0, 90, -35],
      "translation": [0, 1.25, -3.5],
      "scale": [0.8584999999999999, 0.8584999999999999, 0.8584999999999999]
    },
    "firstperson": {
      "rotation": [0, -135, 25 ],
      "translation": [0, 4, 2 ],
      "scale": [1.7169999999999999, 1.7169999999999999, 1.7169999999999999]
    }
  }
}
